Brand,Market,Platform,URL
germanrosy,United States of America,Twitter,twitter.com/_gr_SA
carslord,India,Twitter,twitter.com/_idand
vandawn,Argentina,Twitter,twitter.com/_nluay
aquapeak,Austria,Twitter,twitter.com/elllub
dualjape,Azerbaijan,Twitter,twitter.com/_SAina
weiwind,Bangladesh,Twitter,twitter.com/andjan
osvent,Belgium,Twitter,twitter.com/uayebr
songseem,"Bolivia, Plurinational State of",Twitter,twitter.com/lubada
handfoxy,Brazil,Twitter,twitter.com/inabia
aquapeak,Canada,Twitter,twitter.com/jan_ru
handfoxy,Chile,Twitter,twitter.com/ebrnce
dualjape,Colombia,Twitter,twitter.com/adaece
dualjape,Costa Rica,Twitter,twitter.com/biaeJP
techfond,Czechia,Twitter,twitter.com/_ruico
ironsoft,Denmark,Twitter,twitter.com/nceast
handfoxy,Ecuador,Twitter,twitter.com/eceuay
dualjape,El Salvador,Twitter,twitter.com/eJPnes
aquapeak,Finland,Twitter,twitter.com/icosia
bassvest,France,Twitter,twitter.com/astiye
dualjape,Global,Twitter,twitter.com/uayela
vandawn,Greece,Twitter,twitter.com/nesepy
dualjape,Guatemala,Twitter,twitter.com/siaMen
dualjape,Honduras,Twitter,twitter.com/iye_th
handfoxy,Hungary,Twitter,twitter.com/elabia
handfoxy,India,Twitter,twitter.com/epyina
germanrosy,Indonesia,Twitter,twitter.com/Menypt
aquapeak,Japan,Twitter,twitter.com/_thair
germanrosy,Kazakhstan,Twitter,twitter.com/inasia
handfoxy,Malaysia,Twitter,twitter.com/yptsia
dualjape,Mexico,Twitter,twitter.com/airuay
handfoxy,Netherlands,Twitter,twitter.com/eJPiye
aquapeak,Nicaragua,Twitter,twitter.com/sianTR
dualjape,Norway,Twitter,twitter.com/siaree
songseem,Panama,Twitter,twitter.com/uayeCA
ironsoft,Paraguay,Twitter,twitter.com/iyemen
germanrosy,Peru,Twitter,twitter.com/nTRove
techfond,Philippines,Twitter,twitter.com/ree_ar
handfoxy,Poland,Twitter,twitter.com/eCAbia
techfond,Portugal,Twitter,twitter.com/men_bo
dualjape,Russian Federation,Twitter,twitter.com/oveIDN
carslord,Saudi Arabia,Twitter,twitter.com/_arind
ironsoft,Slovakia,Twitter,twitter.com/biakor
dualjape,South Africa,Twitter,twitter.com/_boTAM
ironsoft,Spain,Twitter,twitter.com/IDNmex
aquapeak,Sweden,Twitter,twitter.com/ind_nl
vandawn,Switzerland,Twitter,twitter.com/korell
bassvest,Thailand,Twitter,twitter.com/TAM_ph
dualjape,Turkey,Twitter,twitter.com/mex_pk
handfoxy,United States of America,Twitter,twitter.com/_nl_PY
aquapeak,Uruguay,Twitter,twitter.com/ell_th
dualjape,"Venezuela, Bolivarian Republic of",Twitter,twitter.com/_ph_TR
dualjape,Global,Twitter,twitter.com/_pk_uy
aquapeak,Paraguay,Twitter,twitter.com/_PY_za
dualjape,United Kingdom of Great Britain and Northern Island,Twitter,twitter.com/_thina
handfoxy,United States of America,Twitter,twitter.com/_TRebr
dualjape,United Kingdom of Great Britain and Northern Island,Twitter,twitter.com/_uyada
techfond,India,Twitter,twitter.com/_zaana
bassvest,Thailand,Twitter,twitter.com/inaece
ironsoft,Argentina,Twitter,twitter.com/ebreid
ironsoft,Azerbaijan,Twitter,twitter.com/adadia
ironsoft,Bangladesh,Twitter,twitter.com/ananar
dualjape,Brazil,Twitter,twitter.com/ecebia
germanrosy,Chile,Twitter,twitter.com/eidnau
songseem,China,Twitter,twitter.com/dianbr
songseem,Colombia,Twitter,twitter.com/narare
aquapeak,Egypt,Twitter,twitter.com/bia_za
bassvest,Global,Twitter,twitter.com/nauees
aquapeak,Greece,Twitter,twitter.com/nbrejp
handfoxy,Hong Kong,Twitter,twitter.com/areemx
dualjape,Indonesia,Twitter,twitter.com/_zaeph
techfond,"Iran, Islamic Republic of",Twitter,twitter.com/eesile
handfoxy,Italy,Twitter,twitter.com/ejpnpy
aquapeak,Japan,Twitter,twitter.com/emxiye
dualjape,Kazakhstan,Twitter,twitter.com/ephnuk
weiwind,Malaysia,Twitter,twitter.com/ileeuk
aquapeak,Morocco,Twitter,twitter.com/npyear
aquapeak,Pakistan,Twitter,twitter.com/iyeuoy
germanrosy,Paraguay,Twitter,twitter.com/nukbia
techfond,Peru,Twitter,twitter.com/euk_py
weiwind,Philippines,Twitter,twitter.com/earybr
dualjape,Portugal,Twitter,twitter.com/uoyada
germanrosy,Romania,Twitter,twitter.com/biayfc
dualjape,Russian Federation,Twitter,twitter.com/_pyana
dualjape,Saudi Arabia,Twitter,twitter.com/ybryph
germanrosy,Singapore,Twitter,twitter.com/adaypk
handfoxy,"Taiwan, Province of China",Twitter,twitter.com/yfcoap
dualjape,Thailand,Twitter,twitter.com/anayUK
aquapeak,Turkey,Twitter,twitter.com/yphyZA
ironsoft,Ukraine,Twitter,twitter.com/ypkynx
aquapeak,United States of America,Twitter,twitter.com/oapmen
ironsoft,Uruguay,Twitter,twitter.com/yUKesg
aquapeak,Vietnam,Twitter,twitter.com/yZAeru
germanrosy,Brazil,Twitter,twitter.com/ynxana
songseem,Global,Twitter,twitter.com/mennya
handfoxy,India,Twitter,twitter.com/esgdia
aquapeak,Indonesia,Twitter,twitter.com/erutng
aquapeak,Philippines,Twitter,twitter.com/ana_bo
handfoxy,United Kingdom of Great Britain and Northern Island,Twitter,twitter.com/nya_de
germanrosy,Vietnam,Twitter,twitter.com/dia_el
handfoxy,Canada,Twitter,twitter.com/tng_id
vandawn,United States of America,Twitter,twitter.com/_bo_ph
ironsoft,United States of America,Twitter,twitter.com/_desia
handfoxy,United States of America,Twitter,twitter.com/_elbia
bassvest,Argentina,Twitter,twitter.com/_idARG
dualjape,Australia,Twitter,twitter.com/_phaau
carslord,Austria,Twitter,twitter.com/siaile
aquapeak,Bangladesh,Twitter,twitter.com/biaaea
aquapeak,Belgium,Twitter,twitter.com/ARGesp
dualjape,"Bolivia, Plurinational State of",Twitter,twitter.com/aauana
aquapeak,Brazil,Twitter,twitter.com/ileMDA
handfoxy,Bulgaria,Twitter,twitter.com/aeanec
carslord,Canada,Twitter,twitter.com/espnfr
germanrosy,Chile,Twitter,twitter.com/ananPy
dualjape,China,Twitter,twitter.com/MDAaMx
techfond,Colombia,Twitter,twitter.com/necang
carslord,Croatia,Twitter,twitter.com/nfranl
weiwind,Czechia,Twitter,twitter.com/nPyska
aquapeak,Denmark,Twitter,twitter.com/aMxand
dualjape,Finland,Twitter,twitter.com/angiye
techfond,France,Twitter,twitter.com/anluay
ironsoft,Germany,Twitter,twitter.com/skanPY
dualjape,Ghana,Twitter,twitter.com/and_Py
aquapeak,Global,Twitter,twitter.com/iyeina
aquapeak,Greece,Twitter,twitter.com/uayvia
handfoxy,Hong Kong,Twitter,twitter.com/nPYuay
techfond,Hungary,Twitter,twitter.com/_Pyeru
dualjape,India,Twitter,twitter.com/inaluy
aquapeak,Indonesia,Twitter,twitter.com/via_ZA
weiwind,"Iran, Islamic Republic of",Twitter,twitter.com/uayMen
carslord,Israel,Twitter,twitter.com/erubia
aquapeak,Italy,Twitter,twitter.com/luyrts
dualjape,Japan,Twitter,twitter.com/_ZAkid
techfond,Kazakhstan,Twitter,twitter.com/Mensia
aquapeak,Kenya,Twitter,twitter.com/biakPH
aquapeak,"Korea, Republic of",Twitter,twitter.com/rtskPK
germanrosy,Latvia,Twitter,twitter.com/kidksg
weiwind,Lebanon,Twitter,twitter.com/siaand
dualjape,Malaysia,Twitter,twitter.com/kPHure
handfoxy,Malta,Twitter,twitter.com/kPKeuk
techfond,Mexico,Twitter,twitter.com/ksgAxe
dualjape,Morocco,Twitter,twitter.com/and_be
handfoxy,Netherlands,Twitter,twitter.com/urevia
dualjape,New Zealand,Twitter,twitter.com/eukile
aquapeak,Norway,Twitter,twitter.com/Axetam
ironsoft,Pakistan,Twitter,twitter.com/_beain
dualjape,Panama,Twitter,twitter.com/viauay
dualjape,Paraguay,Twitter,twitter.com/ilepPH
techfond,Peru,Twitter,twitter.com/tamle1
vandawn,Philippines,Twitter,twitter.com/ain_ES
dualjape,Poland,Twitter,twitter.com/uaydor
dualjape,Portugal,Twitter,twitter.com/pPHyME
ironsoft,Puerto Rico,Twitter,twitter.com/le1dia
ironsoft,Romania,Twitter,twitter.com/_ESyMY
techfond,Russian Federation,Twitter,twitter.com/dor_jp
ironsoft,Serbia,Twitter,twitter.com/yMEile
carslord,Singapore,Twitter,twitter.com/diadal
aquapeak,Slovakia,Twitter,twitter.com/yMY
ironsoft,Slovenia,Twitter,twitter.com/_jp
bassvest,South Africa,Twitter,twitter.com/ile
handfoxy,Spain,Twitter,twitter.com/dal
bassvest,Sweden,YouTube,youtube.com/channel/UCcQgYUSp3PORuZIQBsXdk4A
aquapeak,Switzerland,YouTube,youtube.com/channel/UCPf9LqzE9yjlIuYWxUww2KQ
aquapeak,"Taiwan, Province of China",YouTube,youtube.com/channel/UCBcwtYqse4Yb13bI4k4e4xw
germanrosy,Thailand,YouTube,youtube.com/channel/UCKLyo3uAEM4aNTYkHoBGTOw
germanrosy,Turkey,YouTube,youtube.com/channel/UCNgav6lMQF1zFco9_W_GkoQ
dualjape,Ukraine,YouTube,youtube.com/channel/UCsq4MGhZrAS0oFgWxgLjdXg
germanrosy,United Arab Emirates,YouTube,youtube.com/channel/UC2f6wfMgUdL20cSrh4L2XoA
ironsoft,United Kingdom of Great Britain and Northern Island,YouTube,youtube.com/channel/UCl4P5q7rLTmH6bjFeQGrrMg
dualjape,United States of America,YouTube,youtube.com/channel/UCBB9ERt12sMjacsvqvJiyRQ
aquapeak,Uruguay,YouTube,youtube.com/channel/UCzZLWFeDp4twinDEP_-PMXM4
carslord,Vietnam,YouTube,youtube.com/channel/UCZx8QzfK-3OQfTR2u_1PeVj1
carslord,Argentina,YouTube,youtube.com/channel/UCZUE6AG3q4lv20FpluwIZ8h3
handfoxy,Australia,YouTube,youtube.com/channel/UCZSWE3IfD34BPazSMB1pk2a4
dualjape,Austria,YouTube,youtube.com/channel/UCzhxyTK7z628ouWSchEV5Wc5
handfoxy,"Bolivia, Plurinational State of",YouTube,youtube.com/channel/UCZbeBNvc_3t7XGkd0PGjXwE7
vandawn,Brazil,YouTube,youtube.com/channel/UCzb6eZ_hO2WqppMgzwJuk7b8
aquapeak,Canada,YouTube,youtube.com/channel/UCyTmlMnUz6uRhDOScjWlTXK6
handfoxy,Chile,YouTube,youtube.com/channel/UCYr8moyJg9N3h6pHcKD5nAT1
aquapeak,Colombia,YouTube,youtube.com/channel/UCYPiLUDOs6Mz5SqbZAqkVZO8
ironsoft,Croatia,YouTube,youtube.com/channel/UCykgkHudr5Vm9WbmCkZJWVr7
weiwind,Czechia,YouTube,youtube.com/channel/UCYINlWDSe4w6le7T_FTVHOg0
dualjape,Denmark,YouTube,youtube.com/channel/UCY9-r4X4c7_8V7cyrfBCQXG3
songseem,Finland,YouTube,youtube.com/channel/UCxT08zdoj2-ehq3MEnDl7P-5
handfoxy,Germany,YouTube,youtube.com/channel/UCXqVTW2F07ZicIhYUTlvY654
techfond,Global,YouTube,youtube.com/channel/UCxqle79K62bNVxHlx7aLwjN7
weiwind,Greece,YouTube,youtube.com/channel/UCxOWCBe-O6pWGVbpea9Yqyz2
osvent,Hungary,YouTube,youtube.com/channel/UCxn-AsJpD7y2gaSlaC4n4GU4
dualjape,India,YouTube,youtube.com/channel/UCxMm5v5l05sYgzSmlBpDKr73
dualjape,Israel,YouTube,youtube.com/channel/UCxFt5bd_I9TfOLUe-tYLl7t6
ironsoft,Italy,YouTube,youtube.com/channel/UCX2ECS9Rt8CcLJtPjua6W_r0
techfond,Japan,YouTube,youtube.com/channel/UCwxZtoUYT3VUkYOMK0eGEry8
techfond,Mexico,YouTube,youtube.com/channel/UCwnhD8ECd54GYZgacjdabze8
dualjape,Netherlands,YouTube,youtube.com/channel/UCWMdKX3aj0A4yeVS1tZ6KQn6
aquapeak,New Zealand,YouTube,youtube.com/channel/UCwiyn9X_S0tNPq9kOY98RGC6
dualjape,Norway,YouTube,youtube.com/channel/UCwhVXHnq47LpbaZbGgS7cVW4
aquapeak,Paraguay,YouTube,youtube.com/channel/UCwFlv8-w04B1PXHq1a5wMQ04
techfond,Peru,YouTube,youtube.com/channel/UCw8G7o4_42cAUU5jWsaJfYJ6
aquapeak,Philippines,YouTube,youtube.com/channel/UCv-ZK5hYw5vAVal-2pWLZ-I6
techfond,Poland,YouTube,youtube.com/channel/UCVSWeurgs7YEhMqJ9jvL2VT3
handfoxy,Portugal,YouTube,youtube.com/channel/UCvPvxqnte8lsqXR4T6ZyxWy3
germanrosy,Puerto Rico,YouTube,youtube.com/channel/UCVHUctQhI7PvNlKU1dVzuET8
handfoxy,Romania,YouTube,youtube.com/channel/UCvhjoPkGJ8v7yhgm_kzyQhh8
dualjape,Russian Federation,YouTube,youtube.com/channel/UCvh50MNDt1cBERV-1UAgSFm6
handfoxy,Serbia,YouTube,youtube.com/channel/UCvEjrU1I-4hJEGq0MdeyGms5
handfoxy,Singapore,YouTube,youtube.com/channel/UCVD0ZhE5Q5etBPZN8YFo_rV7
dualjape,Slovakia,YouTube,youtube.com/channel/UCvC3rt1H12hBQ5Hl3GYa0gF8
vandawn,South Africa,YouTube,youtube.com/channel/UCvBjRXNPJ3UZ0BXiXMsskxC1
weiwind,Spain,YouTube,youtube.com/channel/UCV8uggzLT9drrLrGk13pbc45
aquapeak,Sweden,YouTube,youtube.com/channel/UCv0Klnn_x6qp75DZRIa2xGE2
dualjape,Switzerland,YouTube,youtube.com/channel/UCUYhi1_9c0s7r0a_AxtAMOs3
dualjape,Turkey,YouTube,youtube.com/channel/UCuGT8yueE81-DlzVBe8umsl7
dualjape,Ukraine,YouTube,youtube.com/channel/UCUg-rUczB94-avy-dcuK9wg3
ironsoft,United Arab Emirates,YouTube,youtube.com/channel/UCUgbI95V76uP88IIFRfCkMF8
songseem,United Kingdom of Great Britain and Northern Island,YouTube,youtube.com/channel/UCu5Iyc-My7nyCk-A8kkUsJT2
ironsoft,United States of America,YouTube,youtube.com/channel/UCtxMeHv3t9Pn-jGugZmgn_V3
dualjape,Uruguay,YouTube,youtube.com/channel/UCtwYlicvg7GKVJf5Db7r21w4
handfoxy,Germany,YouTube,youtube.com/channel/UCtwRCjSzq5PVzLxyejLi9xB5
techfond,Philippines,YouTube,youtube.com/channel/UCTve-JLaF5S8GJb4fKd1NkM6
aquapeak,United Kingdom of Great Britain and Northern Island,YouTube,youtube.com/channel/UCTURNDyiz2tA1UoZEWd69hr7
techfond,Bangladesh,YouTube,youtube.com/channel/UCTsKLnLr81d9BZYOKyC6lx24
vandawn,Egypt,YouTube,youtube.com/channel/UCTQBqvegq017NJH9Ru71ce54
songseem,India,YouTube,youtube.com/channel/UCtpZ3elMR3RvBSRvcbNc5S93
handfoxy,Indonesia,YouTube,youtube.com/channel/UCTmVc5CIK8yG7fZLjnOUq_m4
germanrosy,Malaysia,YouTube,youtube.com/channel/UCTLJgsK041fyzcv30UmQEZ-4
bassvest,Pakistan,YouTube,youtube.com/channel/UCThOmbito2YiY7cstMR8VPn4
dualjape,Sri Lanka,YouTube,youtube.com/channel/UCTH9c8o5E1DPTJ5i6ZmRc8Y4
techfond,United Arab Emirates,YouTube,youtube.com/channel/UCtfCodzBi3CmYEck5JC0p9m7
dualjape,United Kingdom of Great Britain and Northern Island,YouTube,youtube.com/channel/UCtF7qa2qM6Fl2qC3HUI62XC1
dualjape,Argentina,YouTube,youtube.com/channel/UCTEUY45Lj1sDb4wpohwOrx50
aquapeak,Bangladesh,YouTube,youtube.com/channel/UC-tDxn9o501WoPKhWYCWSws1
aquapeak,Belgium,YouTube,youtube.com/channel/UCtCBAGVPE6RnuXZdADTQyXS6
dualjape,Brazil,YouTube,youtube.com/channel/UCtBA5eI_S15AJvfT71SneK24
dualjape,Canada,YouTube,youtube.com/channel/UCT7AoHLjx7CZfrTBKW8dnoD8
germanrosy,Egypt,YouTube,youtube.com/channel/UCt5kLzrQD9x7AbSUuaDYDbv2
aquapeak,Ethiopia,YouTube,youtube.com/channel/UCT28FjuoY4yLf1gCE4kRHyU3
weiwind,Ghana,YouTube,youtube.com/channel/UCsW8I3UBF7bgbf3IqPWw61t1
dualjape,Greece,YouTube,youtube.com/channel/UCsU63wk7u4xpG2w0128lFCU6
ironsoft,Hong Kong,YouTube,youtube.com/channel/UCssAEclC41pAth5yJ3E244x0
weiwind,Hungary,YouTube,youtube.com/channel/UCsruvTW571AObCSiIYmmoHe6
handfoxy,India,YouTube,youtube.com/channel/UCSR_uECfT4uSCxcr1hZAD500
aquapeak,Indonesia,YouTube,youtube.com/channel/UCSQDrcMgJ05f1udlvWKBIuk4
aquapeak,Kenya,YouTube,youtube.com/channel/UCslOcqVR19j-xV2eZSbO8qC3
ironsoft,Lebanon,YouTube,youtube.com/channel/UCslaATk_x8ac4xYjTbpqEry1
ironsoft,Malaysia,YouTube,youtube.com/channel/UCShX_jt7s1qqxZT1HN4XNgH3
aquapeak,Mexico,YouTube,youtube.com/channel/UCSc35fRS72g43rbUei2Z_OA5
ironsoft,Netherlands,YouTube,youtube.com/channel/UCsAR9OWf-53bnwHWgVi1JgJ5
aquapeak,Nigeria,YouTube,youtube.com/channel/UCsaCkPGt56aoWyHFgWeRJje5
handfoxy,Pakistan,YouTube,youtube.com/channel/UCS9A_mwq-752XIIEKfqDfZS6
ironsoft,Paraguay,YouTube,youtube.com/channel/UCS8Ru7Vuk0DAwSHnVds6qxX8
weiwind,Philippines,YouTube,youtube.com/channel/UCS_gsasHq8UjwFY-UYv4pp36
aquapeak,Romania,YouTube,youtube.com/channel/UCrS31IRlA5XciGI3gBj72P47
dualjape,Saudi Arabia,YouTube,youtube.com/channel/UCRjONHd471hjN-4MJ9po2PA0
aquapeak,Singapore,YouTube,youtube.com/channel/UCRHsGBoR91g2WYdNg3s9Q4M4
techfond,South Africa,YouTube,youtube.com/channel/UCRG-PuiJn7q4ecIE5m7zfd98
dualjape,Spain,YouTube,youtube.com/channel/UCrE-1bjkm5DD20DiQcBZyri3
dualjape,Sri Lanka,YouTube,youtube.com/channel/UCR5pJSy9F5_fL9bou-xh0yl1
handfoxy,Thailand,YouTube,youtube.com/channel/UCR4CRgK_-6NSJpyf0JIxSKR4
aquapeak,Turkey,YouTube,youtube.com/channel/UCr2ulDNcn8i1PTqz4VPaUhQ2
dualjape,Uganda,YouTube,youtube.com/channel/UCqxgWVouf9fjNs1xo0sH5kG1
handfoxy,United Kingdom of Great Britain and Northern Island,YouTube,youtube.com/channel/UCQUti1G0Y8b91q-cGghV4bn2
weiwind,United States of America,YouTube,youtube.com/channel/UCqpt893Z32ZFa5CRlOPxIim1
techfond,Uruguay,YouTube,youtube.com/channel/UCQOglvUpM3KQPfH0T2SkEej2
songseem,Vietnam,YouTube,youtube.com/channel/UCqO7m3L3m5dUoQSjC16EPpt1
osvent,Zambia,YouTube,youtube.com/channel/UCQ8R0njid96dDa1QG24_g_F4
osvent,Zimbabwe,YouTube,youtube.com/channel/UCPUPqz1oJ3px5O0mvBMvjDD8
weiwind,Australia,YouTube,youtube.com/channel/UCpTJWGHeL2NEBSGzSdUOYF36
weiwind,China,YouTube,youtube.com/channel/UCPRg2YuIy82ihXWbrDFu1Iv2
weiwind,United Kingdom of Great Britain and Northern Island,YouTube,youtube.com/channel/UCPPIVbVHM59NDRXuE0I6E6X4
weiwind,United States of America,YouTube,youtube.com/channel/UCpfAIVLEd3yTp-HoALoz-gR4
weiwind,Austria,YouTube,youtube.com/channel/UCPCG9PVgR9_coTIY7VbJdyP5
weiwind,Global,YouTube,youtube.com/channel/UCp4-SUdBk0U_GAKqspKV1kh3
weiwind,Italy,YouTube,youtube.com/channel/UCOtF8zv3h2JUqUk9cf9SPVd1
weiwind,United Kingdom of Great Britain and Northern Island,YouTube,youtube.com/channel/UCoT9rhYjI70sOyycDdcJ-V88
ironsoft,Bangladesh,YouTube,youtube.com/channel/UCoSyVwU-u2sKyYsfz0w0SfN3
aquapeak,"Bolivia, Plurinational State of",YouTube,youtube.com/channel/UCOoDNf2_e55eLQo1ZCeAZxi5
songseem,Chile,YouTube,youtube.com/channel/UCOJQF6Y6Q0Pmxr5--PGkqvp5
songseem,Denmark,YouTube,youtube.com/channel/UCoHEisDCy8-hRS-XxSHXkhe3
songseem,Finland,YouTube,youtube.com/channel/UCo-gboW-F3XRGH0Q5V_Yei43
songseem,Ghana,YouTube,youtube.com/channel/UCog5gwxtM8KwydVFzUvCDGp7
songseem,Global,YouTube,youtube.com/channel/UCOF4yjOmE89k9Q8iBWDuR4L6
songseem,India,YouTube,youtube.com/channel/UCNWifvx-E8-Y7Nykr5feg-V3
techfond,Indonesia,YouTube,youtube.com/channel/UCNVaATD1z1QXXmNsJ_vXfxg5
aquapeak,Kenya,YouTube,youtube.com/channel/UCNUQG0awB4Oh6R1FhC2spcz4
aquapeak,Malaysia,YouTube,youtube.com/channel/UCNOTAzUb_17XR9z_d3qT9M35
aquapeak,Nepal,YouTube,youtube.com/channel/UCnod55IXC9Qp5ZUODdaiQaH2
aquapeak,Nigeria,YouTube,youtube.com/channel/UCnMCAmZHR5PIgjeUtorQfIL2
aquapeak,Philippines,YouTube,youtube.com/channel/UCNig4I_oe0A-37CdaiEfUy91
aquapeak,United Kingdom of Great Britain and Northern Island,YouTube,youtube.com/channel/UCNg3XbkEc6w_rLu_DMKyG0J1
aquapeak,United States of America,YouTube,youtube.com/channel/UC-N4P8XQE3klir2IZdrV8d-7
vandawn,Argentina,YouTube,youtube.com/channel/UCmuemEyT-5iFFnJZM8MYXDD4
vandawn,Australia,YouTube,youtube.com/channel/UCMrFKNzdy3Yww7lOezoVVPd8
vandawn,Austria,YouTube,youtube.com/channel/UCmlnADMrw1wioPe5Inry32x3
aquapeak,Azerbaijan,YouTube,youtube.com/channel/UCMhmgkNHk2bGJ9KhJDo9ETH2
aquapeak,Belgium,YouTube,youtube.com/channel/UCMgwN3eRN6LlAWx0CQD6ymL7
aquapeak,"Bolivia, Plurinational State of",YouTube,youtube.com/channel/UCMbL6BbW_6GkWFM2HLK5hqQ7
aquapeak,Bosnia and Herzegovina,YouTube,youtube.com/channel/UCMASK6HUc7VVBNxv-IjHAdN6
aquapeak,Brazil,YouTube,youtube.com/channel/UClzYXQH8I8c-Mlge_tlKFcB3
aquapeak,Bulgaria,YouTube,youtube.com/channel/UCl-yc5qCk70nnC6qyl-sQPS2
aquapeak,Cameroon,YouTube,youtube.com/channel/UCLwrZHaoO3qNaSmT6-7diK13
aquapeak,Chile,YouTube,youtube.com/channel/UCLVto5KyT7O0Pv12widZAD82
aquapeak,Colombia,YouTube,youtube.com/channel/UClTAHqOtW0f5FJOY0QtQ4bG2
aquapeak,Croatia,YouTube,youtube.com/channel/UCLsq5UyGT8L8-LRqPjKaI9D8
aquapeak,Czechia,YouTube,youtube.com/channel/UCLQxj3Kr632EIMAFbZNWaqK2
aquapeak,Denmark,YouTube,youtube.com/channel/UCLpqZr2Wc10fKabI8S89wqa6
aquapeak,Dominican Republic,YouTube,youtube.com/channel/UCllczPvQd4tPmXXIBRktehQ7
aquapeak,Egypt,YouTube,youtube.com/channel/UClJ6IxyCL3MwnHm0vDFpoTq0
bassvest,El Salvador,YouTube,youtube.com/channel/UCLD2RGCF68e34RmaauCioNs8
bassvest,Estonia,YouTube,youtube.com/channel/UClcU_A9LW1DO5k1GH4aFxvz8
bassvest,Fiji,YouTube,youtube.com/channel/UCL6LibNWY1KNp1tbVKTucD30
bassvest,Finland,YouTube,youtube.com/channel/UCL-_ekOKx4XWcMla02AFPoi1
handfoxy,France,YouTube,youtube.com/channel/UCkxLHJ95O1vd1omc8X3WeAR6
germanrosy,Georgia,YouTube,youtube.com/channel/UCkx7dojCN9Qp3kZESIDfbhv4
germanrosy,Germany,YouTube,youtube.com/channel/UCkUdsOIgM7tcu0qdyzBDiIn0
handfoxy,Ghana,YouTube,youtube.com/channel/UCKSttcf5e9yDYkwEgKxqszD7
ironsoft,Global,YouTube,youtube.com/channel/UCKG0-aKF-0hJVP6KU4PfjVw1
ironsoft,Greece,YouTube,youtube.com/channel/UCk7wnIN5t1Sx6Ny6WgqmBQ_5
ironsoft,Hong Kong,YouTube,youtube.com/channel/UCjzPlzfZg3HEFuM-TaSvuMz0
ironsoft,Hungary,YouTube,youtube.com/channel/UCj-8W_-710DBD0spwssE2GA6
ironsoft,India,YouTube,youtube.com/channel/UCj-4qKEu62kbX5cJf8gu1IE2
ironsoft,Indonesia,YouTube,youtube.com/channel/UCj1iW4-VI5h-hc1-h9E8TkD5
ironsoft,Japan,YouTube,youtube.com/channel/UCIKr5yLAw8m8drURbQXVEZ43
ironsoft,Kazakhstan,YouTube,youtube.com/channel/UCignhR61g4XlF2eO6_MK1ZB2
ironsoft,Kenya,YouTube,youtube.com/channel/UCIfCZOQMJ8o5jLyKmRkulM-7
ironsoft,Latvia,YouTube,youtube.com/channel/UCie_E_6vd6JBWFuUKz3fyEK2
ironsoft,Lithuania,YouTube,youtube.com/channel/UCIc6_lNPn5XLih9sNIkV4_B5
ironsoft,Malaysia,YouTube,youtube.com/channel/UChzj7Me7l3gWtC1HRMsacnT1
techfond,Mexico,YouTube,youtube.com/channel/UChyZSW7BX8dYeWXspTqqGAx8
carslord,Netherlands,YouTube,youtube.com/channel/UChsZNRgWA2mH3JR_mkwHDib4
carslord,New Zealand,YouTube,youtube.com/channel/UChSc2HHyk2T9CkBamG57nbU2
carslord,Nigeria,YouTube,youtube.com/channel/UCHMZYhw4H1DKjjxtWblqz5l5
dualjape,Paraguay,YouTube,youtube.com/channel/UChf2P5XDk7if6y0wBwI4ZpZ5
germanrosy,Peru,YouTube,youtube.com/channel/UCh6hwsopU3bwGGXMRkTFkq22
germanrosy,Philippines,YouTube,youtube.com/channel/UCGzuYHQtV4HFKo5KBrTD7Fx6
germanrosy,Poland,YouTube,youtube.com/channel/UCgrpPtiIr2fZcrVbaw6R_aY0
germanrosy,Portugal,YouTube,youtube.com/channel/UCgQKBnwuB6kc_1EUym_oYsQ6
germanrosy,Romania,YouTube,youtube.com/channel/UCGlRdJk2E1z2DnEUInBlYZl7
germanrosy,Russian Federation,YouTube,youtube.com/channel/UCGLemnu7g6ZmYdfc91-gQAW1
germanrosy,Saudi Arabia,YouTube,youtube.com/channel/UCGKdUwgrS86pDNxqBABJAd_6
germanrosy,Serbia,YouTube,youtube.com/channel/UCgDoVnGP04GA6RIejp35bsi7
germanrosy,Slovakia,YouTube,youtube.com/channel/UCGC3H74j_0bU63FfVHscWxQ6
germanrosy,Spain,YouTube,youtube.com/channel/UCfxqWXQuR2QwbpyKgkVEIOh6
germanrosy,Sri Lanka,YouTube,youtube.com/channel/UCfQxjbdOt0rcUVIp0w3bul02
germanrosy,Sweden,YouTube,youtube.com/channel/UCfo-paT9x8Q1_kpqmMbQng95
germanrosy,Switzerland,YouTube,youtube.com/channel/UCFLbELwj44k1V3KURVarP3d6
germanrosy,"Taiwan, Province of China",YouTube,youtube.com/channel/UCfJEfbkHZ3FJ0JR3ZEI8g1F5
dualjape,Thailand,YouTube,youtube.com/channel/UC-fhDWis30S3WKhsr-QuDP77
dualjape,Turkey,YouTube,youtube.com/channel/UCFDWGrhA11Q1l5azIgDnZUY0
dualjape,United States of America,YouTube,youtube.com/channel/UCF1pLZIvb7SCOvWpiphJzbv6
dualjape,Uruguay,YouTube,youtube.com/channel/UCEYr2r_Cm8Vmpn29TJypr213
dualjape,Vietnam,YouTube,youtube.com/channel/UCEw60TZ3f4_kZOZY2PbIkBK4
dualjape,Ecuador,YouTube,youtube.com/channel/UCEtNlmlm78a6tPAmOlPCD3u4
dualjape,France,YouTube,youtube.com/channel/UCeTL-TMCt2jej5uc00TIlak3
dualjape,Global,YouTube,youtube.com/channel/UCesBrogCn3ANbibGqTRtBZL5
dualjape,Indonesia,YouTube,youtube.com/channel/UCeQEcN6qX233y2n3gFG1RkT6
dualjape,Paraguay,YouTube,youtube.com/channel/UCeqdvg_tH8iWNLSOOKKIxOa3
dualjape,Russian Federation,YouTube,youtube.com/channel/UCePVC7mAy2ndAsDIvAUc6hW6
dualjape,Spain,YouTube,youtube.com/channel/UCEljb5djv70sQaISJtu-t8V2
dualjape,United States of America,YouTube,youtube.com/channel/UCeDK5Rw1o3v0HHIQKkxkv6Y3
dualjape,Global,YouTube,youtube.com/channel/UCDXrPKZVS83A8zAWgnYo8Dn5
dualjape,Paraguay,YouTube,youtube.com/channel/UCDRVmrJj94qKHVgk1NZpym35
dualjape,United States of America,YouTube,youtube.com/channel/UCDOEC8hUK2xvA7Oan-0kWMB1
dualjape,Argentina,YouTube,youtube.com/channel/UCdO9_6w9g5vVkbaopSMfWoT3
dualjape,"Bolivia, Plurinational State of",YouTube,youtube.com/channel/UCdnwZRdLI0CD1Gbxz2dg0YO3
dualjape,Chile,YouTube,youtube.com/channel/UCdMnK2j4n6HKa13dK4Fxbxw2
dualjape,Colombia,YouTube,youtube.com/channel/UCdKEg-hZ41PO3trDeBGoxkM6
dualjape,Mexico,YouTube,youtube.com/channel/UCdDiuuMqN6mxr5afOoJ5TXD5
dualjape,Paraguay,YouTube,youtube.com/channel/UCcyrKIGGQ3XVAORZ4LZxInX1
dualjape,Peru,YouTube,youtube.com/channel/UCcrTOGQJ16PqXvRjPQo3Ntc1
dualjape,Spain,YouTube,youtube.com/channel/UCcmDOcjF03XS5G3SODnRXKE1
dualjape,Uruguay,YouTube,youtube.com/channel/UCClaiIplz9r8_PVJKWn9aEd7
dualjape,South Africa,YouTube,youtube.com/channel/UCcKRmvr8B7mjGONzXqSdvgc4
dualjape,South Africa,YouTube,youtube.com/channel/UCcjkzAcwG7T-oECUt4XpJvS2
dualjape,South Africa,YouTube,youtube.com/channel/UCca7vdppZ8sfxHfFTDOBcDr3
dualjape,Argentina,YouTube,youtube.com/channel/UCBZ6uxY6v4I_wII3m_iUJmN3
germanrosy,Belgium,YouTube,youtube.com/channel/UCbw1qrsjH7NIuUGHa2omKbK7
germanrosy,Egypt,YouTube,youtube.com/channel/UCBU4rD25A7t90t3wrBP57Ns0
germanrosy,France,YouTube,youtube.com/channel/UCBp8jubIJ7D6u0klLHOb2864
carslord,Germany,YouTube,youtube.com/channel/UCbnUiMdAl4PuYSg7mC4ztY_5
techfond,Global,YouTube,youtube.com/channel/UCBL4uLJOk2PYzZQBHoe0lYO1
techfond,"Iran, Islamic Republic of",YouTube,youtube.com/channel/UCbH4YpbFg1o6sCLQoR2ahUS8
techfond,Morocco,YouTube,youtube.com/channel/UCBcYa34qB4j3qwNn9NgjlOp3
techfond,Portugal,YouTube,youtube.com/channel/UCbc-KA6Fl0rO8f3Txiow_cq3
techfond,Saudi Arabia,YouTube,youtube.com/channel/UCaWeADxZB6UYpOTuxxJKTXf5
techfond,United Kingdom of Great Britain and Northern Island,YouTube,youtube.com/channel/UCATm7LCqq31r6KAldlf_VVf1
techfond,Australia,YouTube,youtube.com/channel/UCarhrNnQN9v13eifKIVNduz0
techfond,India,YouTube,youtube.com/channel/UCAQY1lbkC3OrQuL_2I2ImPC8
techfond,Indonesia,YouTube,youtube.com/channel/UCaFZEqx1I2PMaVd26wUimyK8
techfond,"Iran, Islamic Republic of",YouTube,youtube.com/channel/UCADu7TdHq4pXNpOaGgLU51n7
techfond,Italy,YouTube,youtube.com/channel/UC8ZLdVvaE3t6Isn0LcjZ9JI3
techfond,Malaysia,YouTube,youtube.com/channel/UC-8XFVNi60SgPYA7wYdQz042
techfond,Pakistan,YouTube,youtube.com/channel/UC8GfGTeNC1X5y7vsqJGNtFY3
ironsoft,Philippines,YouTube,youtube.com/channel/UC7wUvJd2P253b0PutrygfXy1
handfoxy,Saudi Arabia,YouTube,youtube.com/channel/UC7qqfAq862hjh238oUUWnZd5
handfoxy,Singapore,YouTube,youtube.com/channel/UC7KoR-P6O39odVJ1RM4s2oR2
handfoxy,Sri Lanka,YouTube,youtube.com/channel/UC6sPMYcrP9FN6DU9sRGI67O4
handfoxy,Thailand,YouTube,youtube.com/channel/UC6sjeU0VI2rEXUfa1bj3K792
handfoxy,United Kingdom of Great Britain and Northern Island,YouTube,youtube.com/channel/UC6Pyn5gVq7nncuxGqPEk6mU2
handfoxy,Vietnam,YouTube,youtube.com/channel/UC5uoI10oV5ca2CJ1loouD5A7
handfoxy,United Kingdom of Great Britain and Northern Island,YouTube,youtube.com/channel/UC5rWq2tSG4biWQ_FWyWqxXH2
handfoxy,United States of America,YouTube,youtube.com/channel/UC5QNyj_al5VP5C5on9VuL-I4
handfoxy,United States of America,YouTube,youtube.com/channel/UC5oC0tBeP5EqDOJILUdDhra1
handfoxy,United States of America,YouTube,youtube.com/channel/UC-5JqPvEm526B_C-GwrxyfH5
handfoxy,Netherlands,YouTube,youtube.com/channel/UC5jLZ_d-825K7GkINz1YsRG4
handfoxy,United States of America,YouTube,youtube.com/channel/UC51C6xp5m65o9eF48Y-GmeU3
handfoxy,India,YouTube,youtube.com/channel/UC4lkEqVZf5Xvchcd4R6DleG0
handfoxy,Argentina,YouTube,youtube.com/channel/UC3t0Qnu3I0RiTMBaa34aqBm1
handfoxy,Austria,YouTube,youtube.com/channel/UC3qWl1AT25ssjLMvdPg1qxj6
handfoxy,Azerbaijan,YouTube,youtube.com/channel/UC3lz17w3i8pOWSb6NelxzTs7
handfoxy,Bangladesh,YouTube,youtube.com/channel/UC3LPvPwqo8VD-CfJ6WQh2823
handfoxy,Belgium,YouTube,youtube.com/channel/UC3EH7Owml7Ex2oOsCJh2r_R5
handfoxy,"Bolivia, Plurinational State of",YouTube,youtube.com/channel/UC3eB5uB5d94OOqHWkTYaBcl5
handfoxy,Brazil,YouTube,youtube.com/channel/UC3DscuLly3bluI9XFZHMfFt1
handfoxy,Canada,YouTube,youtube.com/channel/UC2RL362pF9oC8tSjCje3Vjh1
handfoxy,Chile,YouTube,youtube.com/channel/UC20bsNJWQ3ZYnCXFCsqzgqP3
handfoxy,Colombia,YouTube,youtube.com/channel/UC1-V_Biqp4sxoQC1MQ3FuQv3
handfoxy,Costa Rica,YouTube,youtube.com/channel/UC1uoX5D-b4OQpE_BelIC9ZW6
handfoxy,Czechia,YouTube,youtube.com/channel/UC1DMjWdZe6PuDnfcs65_bUl2
handfoxy,Denmark,YouTube,youtube.com/channel/UC0z3gtD0W7om0Hk8oQEX8Qq5
handfoxy,Ecuador,YouTube,youtube.com/channel/UC0uGC_EBw3Axw3ljqeGjy2q3
handfoxy,El Salvador,YouTube,youtube.com/channel/UC0l6r1zgF2hnVuYOslUAYqd4
handfoxy,Finland,YouTube,youtube.com/channel/UC0bNByUj13rMW50t45AnCFc8
handfoxy,France,YouTube,youtube.com/channel/UC_KpTo38S7I2SwQgm1aqaQm2
